City	WeekId	Zone	SubGroup	Category	Title	DateInfo	Location	Status	PriceInfo	MapLink	Note	Pick	StartAt	EndAt	Image	ImageCredit
三藩市湾区	2026-09-30	三藩市市内	演	演	Hardly Strictly Bluegrass 2026 免費藍草音樂節	10.02 週五 1–7pm；10.03–04 11am–7pm	Golden Gate Park, San Francisco	已核实	免費	https://www.google.com/maps/search/?api=1&query=Golden+Gate+Park%2C+San+Francisco	Emmylou Harris、My Morning Jacket、Mavis Staples等六舞台·hardlystrictlybluegrass.com官方	★	2026-10-02	2026-10-04		
三藩市湾区	2026-09-30	三藩市市内	玩	玩	Castro Street Fair 第52屆卡斯楚街頭嘉年華	10.04 週日 11am–6pm	Castro St and Market St, San Francisco	已核实	建議捐款$10–20	https://www.google.com/maps/search/?api=1&query=Castro+St+and+Market+St%2C+San+Francisco	本地藝術家攤位與多個舞台·castrostreetfair.org官方		2026-10-04 11:00	2026-10-04 18:00		
三藩市湾区	2026-09-30	三藩市市内	玩	玩	SF Fleet Week 艦隊週·Blue Angels藍天使航展	10.09–11 航展 12–4pm	Marina Green, San Francisco	已核实	航展看台需購票·Fleet Fest 10.10–11免費	https://www.google.com/maps/search/?api=1&query=Marina+Green%2C+San+Francisco	10.09 11am艦隊巡遊·10.07起Pier 27/35艦艇參觀·fleetweeksf.org官方		2026-10-09	2026-10-11	https://fleetweeksf.org/wp-content/uploads/2026/09/Patriots-Jet-Team.jpg	fleetweeksf.org
三藩市湾区	2026-09-30	三藩市市内	展	展	RM x SFMOMA: Between You and Me BTS RM私人收藏展	10.03開幕 至2027.02.07	SFMOMA, 151 Third St, San Francisco	已核实	門票另加$10–12附加費	https://www.google.com/maps/search/?api=1&query=SFMOMA%2C+151+Third+St%2C+San+Francisco	7樓·首個週末多場售罄宜選平日·sfmoma.org官方	★			https://d1hhug17qm51in.cloudfront.net/www-media/2026/06/17152817/img588-11-scaled.jpg	sfmoma.org
三藩市湾区	2026-09-30	三藩市市内	展	展	Treasures of the Pharaohs 法老珍寶展	至2027.01.31	de Young Museum, 50 Hagiwara Tea Garden Dr, San Francisco	已核实	需購票	https://www.google.com/maps/search/?api=1&query=de+Young+Museum%2C+50+Hagiwara+Tea+Garden+Dr%2C+San+Francisco	famsf.org官方展覽頁				https://www.famsf.org/storage/images/8643cf1b-8abf-47e6-973a-268e713887f5/pharaohs-gilded-wooden-anthropoid-coffin-18th-dynasty-retouch.jpg?crop=3500,1832,x0,y507&format=jpg&quality=80	famsf.org
三藩市湾区	2026-09-30	三藩市市内	玩	玩	NightLife: Buggin' Out 昆蟲主題夜場	10.08 週四 6–10pm	California Academy of Sciences, 55 Music Concourse Dr, San Francisco	已核实	$26·21+	https://www.google.com/maps/search/?api=1&query=California+Academy+of+Sciences%2C+55+Music+Concourse+Dr%2C+San+Francisco	昆蟲生態主題成人夜·calacademy.org官方	★	2026-10-08 18:00	2026-10-08 22:00	https://www.calacademy.org/sites/default/files/assets/cas_nightlife_buggin_out_website_header_1200x900.png	calacademy.org
三藩市湾区	2026-09-30	三藩市市内	展	展	Fall Open Studios at 1890 Bryant 百位藝術家開放工作室	10.02 6–9pm；10.03–04 11am–5pm	1890 Bryant St, San Francisco	场地已核实	免費	https://www.google.com/maps/search/?api=1&query=1890+Bryant+St%2C+San+Francisco	配合ArtSpan Mission區開放工作室週末·2026日期僅聚合站有·funcheap		2026-10-02	2026-10-04		
三藩市湾区	2026-09-30	三藩市市内	展	展	Asian Art Museum Free First Sunday 亞洲藝術博物館首週日免費	10.04 週日 10am起	Asian Art Museum, 200 Larkin St, San Francisco	已核实	免費	https://www.google.com/maps/search/?api=1&query=Asian+Art+Museum%2C+200+Larkin+St%2C+San+Francisco	可看新開Ha Chong-Hyun回顧展·calendar.asianart.org官方		2026-10-04 10:00	2026-10-04 17:00	https://calendar.asianart.org/wp-content/uploads/sites/4/2025/10/0069_AAM_Sexton-1.jpg	asianart.org
三藩市湾区	2026-09-30	三藩市市内	展	展	Miró: Proof Against All 米羅版畫展	至2027.07.25	Legion of Honor, 100 34th Ave, San Francisco	已核实	需購票	https://www.google.com/maps/search/?api=1&query=Legion+of+Honor%2C+100+34th+Ave%2C+San+Francisco	famsf.org官方展覽頁				https://www.famsf.org/storage/images/f34687b0-6090-4fc0-ac32-de47a7484f85/miro-toute-epreuve-1958.jpg?crop=2845,1488,x100,y332&format=jpg&quality=80	famsf.org
三藩市湾区	2026-09-30	三藩市市内	吃	吃	Athanor 新開發酵系品嚐菜單餐廳	週二7–11pm；週三至六6–11pm	Athanor, 2600 Sutter St, San Francisco	已核实	$175品嚐菜單·需訂位	https://www.google.com/maps/search/?api=1&query=Athanor%2C+2600+Sutter+St%2C+San+Francisco	前Anomaly主廚Mike Lanham·營業時間athanorsf.com官方·9月開幕見theinfatuation				https://static.wixstatic.com/media/425350_65dccef40ed8420c970455eac9f5153c%7Emv2.png/v1/fit/w_2500,h_1330,al_c/425350_65dccef40ed8420c970455eac9f5153c%7Emv2.png	athanorsf.com
三藩市湾区	2026-09-30	三藩市市内	吃	吃	Ferry Plaza Farmers Market 渡輪大廈農夫市集	週二/四10am–2pm；週六8am–2pm	Ferry Building, 1 Ferry Building, San Francisco	已核实	免費入場	https://www.google.com/maps/search/?api=1&query=Ferry+Building%2C+1+Ferry+Building%2C+San+Francisco	週六100+攤位·ferrybuildingmarketplace.com官方				https://www.ferrybuildingmarketplace.com/wp-content/uploads/fb-farmersmarket-main.jpg	ferrybuildingmarketplace.com
三藩市湾区	2026-09-30	三藩市市内	玩	玩	Italian Heritage Parade 第158屆意大利傳統巡遊	10.11 週日 12:30pm	Washington Square, North Beach, San Francisco	已核实	免費	https://www.google.com/maps/search/?api=1&query=Washington+Square%2C+North+Beach%2C+San+Francisco	漁人碼頭經Columbus Ave至華盛頓廣場·sfitalianheritage.org官方		2026-10-11 12:30	2026-10-11 15:00		
三藩市湾区	2026-09-30	湾区市外	玩·Oakland	玩	Oakland First Fridays 奧克蘭第一個週五街頭節	10.02 週五 5–9:30pm	Telegraph Ave between 27th St and West Grand Ave, Oakland	已核实	免費	https://www.google.com/maps/search/?api=1&query=Telegraph+Ave+between+27th+St+and+West+Grand+Ave%2C+Oakland	本月主題Health and Harmony·oaklandfirstfridays.org官方		2026-10-02 17:00	2026-10-02 21:30		
三藩市湾区	2026-09-30	湾区市外	展·Oakland	展	Friday Nights at OMCA 奧克蘭博物館週五夜	10.02 週五 5–9pm	Oakland Museum of California, 1000 Oak St, Oakland	已核实	免費	https://www.google.com/maps/search/?api=1&query=Oakland+Museum+of+California%2C+1000+Oak+St%2C+Oakland	同晚有Mildred Howard展廳對談·museumca.org官方		2026-10-02 17:00	2026-10-02 21:00	https://museumca.org/wp-content/uploads/2026/09/10.2_Shante_1-scaled-e1789580512697.jpeg	museumca.org
三藩市湾区	2026-09-30	湾区市外	吃·Oakland	吃	Chez Maeju 新開韓式發酵料理	每晚晚餐·週二休	Chez Maeju, 6200 Claremont Ave, Oakland	已核实	依點餐·可訂位	https://www.google.com/maps/search/?api=1&query=Chez+Maeju%2C+6200+Claremont+Ave%2C+Oakland	自製醬油大醬辣椒醬·chezmaeju.com官方·9月開幕見theinfatuation	★			https://chezmaeju.com/assets/og-image.png	chezmaeju.com
三藩市湾区	2026-09-30	湾区市外	玩·San José	玩	Tech at Nite: Geektoberfest 科技館成人啤酒夜	10.08 週四 7–11pm	The Tech Interactive, 201 S Market St, San Jose	已核实	$30起·21+	https://www.google.com/maps/search/?api=1&query=The+Tech+Interactive%2C+201+S+Market+St%2C+San+Jose	本地精釀試飲加手作工作坊·thetech.org官方	★	2026-10-08 19:00	2026-10-08 23:00		
三藩市湾区	2026-09-30	湾区市外	展·Mountain View	展	Cars: Computers on Wheels 電腦歷史博物館汽車科技日	10.10 週六 10am起	Computer History Museum, 1401 N Shoreline Blvd, Mountain View	已核实	含博物館門票	https://www.google.com/maps/search/?api=1&query=Computer+History+Museum%2C+1401+N+Shoreline+Blvd%2C+Mountain+View	Waymo、Rivian等展車與賽車模擬器·computerhistory.org官方		2026-10-10 10:00	2026-10-10 17:00	https://computerhistory.org/wp-content/uploads/2023/09/chm_live_techfest_09-05.png	computerhistory.org
三藩市湾区	2026-09-30	湾区市外	吃·Pleasanton	吃	626 Night Market 灣區626夜市	10.09–11 3–11pm	Alameda County Fairgrounds, 2005 Valley Ave, Pleasanton	已核实	需購票	https://www.google.com/maps/search/?api=1&query=Alameda+County+Fairgrounds%2C+2005+Valley+Ave%2C+Pleasanton	200+美食攤位·626nightmarket.com官方		2026-10-09	2026-10-11		
三藩市湾区	2026-09-30	华人社群活动	三藩市	展	We Are Bruce Lee 李小龍展	週三及週六 10am–5pm	Chinese Historical Society of America, 965 Clay St, San Francisco	已核实	需購票·成人約$10	https://www.google.com/maps/search/?api=1&query=Chinese+Historical+Society+of+America%2C+965+Clay+St%2C+San+Francisco	常設展·另有黃金德案展·chsa.org官方					
三藩市湾区	2026-09-30	华人社群活动	三藩市	吃	Chinatown Night Market 華埠夜市	10.09 週五 5–9pm	Grant Ave between California St and Pacific Ave, San Francisco	场地已核实	免費	https://www.google.com/maps/search/?api=1&query=Grant+Ave+between+California+St+and+Pacific+Ave%2C+San+Francisco	Be Chinatown主辦每月第二個週五·2026日期僅聚合站有·funcheap		2026-10-09 17:00	2026-10-09 21:00		
香港	2026-09-30	港岛	玩	玩	國慶煙花匯演	10.01 週四 8pm（約23分鐘）	維多利亞港（中環、灣仔海濱及尖沙咀海旁）	已核实	免費	https://www.google.com/maps/search/?api=1&query=Victoria+Harbour%2C+Hong+Kong	慶祝國慶77周年，逾3萬枚煙花；兩岸多區下午起封路·info.gov.hk政府		2026-10-01 20:00	2026-10-01 20:30	https://gia.info.gov.hk/general/202609/28/P2026092800305_photo_1339667.jpg	info.gov.hk
香港	2026-09-30	港岛	文化	文化	丙午年中秋綵燈會（延長展示）	至10.04 晚間亮燈	維多利亞公園（銅鑼灣興發街）	已核实	免費	https://www.google.com/maps/search/?api=1&query=Victoria+Park%2C+Causeway+Bay%2C+Hong+Kong	因人流理想延長一週·info.gov.hk政府				https://gia.info.gov.hk/general/202609/23/P2026092300486_photo_1339252.jpg	info.gov.hk
香港	2026-09-30	港岛	展	展	吉祥聖境──扎西朗燈和多杰才旦唐卡藝術展	09.30–10.06 10:30am–8:30pm	PMQ元創方 2樓Qube（中環鴨巴甸街35號）	已核实	$30（優惠$15）	https://www.google.com/maps/search/?api=1&query=PMQ%2C+35+Aberdeen+Street%2C+Central%2C+Hong+Kong	只展一週的唐卡藝術展·pmq.org.hk官方		2026-09-30	2026-10-06	https://www.pmq.org.hk/media/upload/The-Art-of-Thangka_30Sep-6Oct2026_KV.jpg	pmq.org.hk
香港	2026-09-30	港岛	文化	文化	影畫早晨：懷念鄭佩佩《情人石》	10.02 週五 11am	香港電影資料館電影院（西灣河鯉景道50號）	已核实	$40（優惠$20）	https://www.google.com/maps/search/?api=1&query=Hong+Kong+Film+Archive%2C+50+Lei+King+Road%2C+Sai+Wan+Ho	10.09另映《蘭嶼之歌》·filmarchive.gov.hk政府		2026-10-02 11:00	2026-10-02 13:00		
香港	2026-09-30	九龙	文化	文化	中秋光影裝置「兔兔攝製隊」	至10.11 每晚6:30pm–11pm	香港文化中心露天廣場（尖沙咀梳士巴利道10號）	已核实	免費	https://www.google.com/maps/search/?api=1&query=Hong+Kong+Cultural+Centre+Piazza%2C+Tsim+Sha+Tsui	康文署中秋燈飾，可順道看海·info.gov.hk政府					
香港	2026-09-30	九龙	展	展	琳瑯──紐約大都會藝術博物館世界珠寶珍藏	至10.19（週二休館）	香港故宮文化博物館8號展廳（西九文化區）	已核实	$150（優惠$75）	https://www.google.com/maps/search/?api=1&query=Hong+Kong+Palace+Museum%2C+West+Kowloon+Cultural+District	近200件大都會珠寶，最後三週·hkpm.org.hk官方					
香港	2026-09-30	九龙	玩	玩	國慶免費天象節目《窗外是藍星之太空旅行》	10.01 週四 11am–4pm 共5場	香港太空館（尖沙咀梳士巴利道10號）	已核实	免費	https://www.google.com/maps/search/?api=1&query=Hong+Kong+Space+Museum%2C+10+Salisbury+Road%2C+Tsim+Sha+Tsui	當日常設展免費，5pm提早休館·hk.space.museum官方		2026-10-01 11:00	2026-10-01 16:00		
香港	2026-09-30	九龙	讲座	讲座	公眾講座：官宅與故園──四座「大夫第」建築	10.01 週四 3–5pm	香港文物探知館演講廳（尖沙咀九龍公園）	已核实	免費·先到先得	https://www.google.com/maps/search/?api=1&query=Hong+Kong+Heritage+Discovery+Centre%2C+Kowloon+Park	110座位免預約，粵語，設Zoom直播·amo.gov.hk政府		2026-10-01 15:00	2026-10-01 17:00		
香港	2026-09-30	九龙	演	演	歌劇《鄉村騎士》與《丑角》	10.08–10 7:30pm；10.11 2:30pm	香港文化中心大劇院（尖沙咀梳士巴利道10號）	已核实	$280–$1,280	https://www.google.com/maps/search/?api=1&query=Hong+Kong+Cultural+Centre+Grand+Theatre%2C+Tsim+Sha+Tsui	香港歌劇院製作，兩部意大利寫實主義歌劇連演·hkphil.org官方		2026-10-08 19:30	2026-10-08 22:30	https://www.hkphil.org/f/concert/27298/1200p630/HK%2520Phil_416%2520x%2520416px%2520.jpg	hkphil.org
香港	2026-09-30	新界	展	展	繼續寵愛・張國榮70誕辰・紀念展	至2027.05.10（週二休館）	香港文化博物館（沙田文林路1號）	已核实	免費	https://www.google.com/maps/search/?api=1&query=Hong+Kong+Heritage+Museum%2C+1+Man+Lam+Road%2C+Sha+Tin	繁忙時段或派籌分時段入場·hk.heritage.museum官方					
香港	2026-09-30	新界	玩	玩	香港濕地公園國慶免費開放	10.01 週四	香港濕地公園（天水圍濕地公園路）	已核实	免費	https://www.google.com/maps/search/?api=1&query=Hong+Kong+Wetland+Park%2C+Tin+Shui+Wai	毋須預約，直接經訪客中心入場·wetlandpark.gov.hk政府		2026-10-01			
香港	2026-09-30	新界	玩	玩	元朗區慶祝國慶七十七周年嘉年華	10.01 週四 1:30–5:30pm	天水圍銀座廣場（元朗區）	已核实		https://www.google.com/maps/search/?api=1&query=Ginza+Square%2C+Tin+Shui+Wai	元朗民政處活動·had.gov.hk政府		2026-10-01 13:30	2026-10-01 17:30		
香港	2026-09-30	新界	演	演	國慶綜合文藝晚會	10.01 週四 7:30–10:30pm	荃灣大會堂演奏廳（荃灣大河道72號）	已核实		https://www.google.com/maps/search/?api=1&query=Tsuen+Wan+Town+Hall%2C+72+Tai+Ho+Road%2C+Tsuen+Wan	荃灣各界慶祝國慶籌委會·had.gov.hk政府		2026-10-01 19:30	2026-10-01 22:30		
香港	2026-09-30	新界	音乐	音乐	元朗區慶祝國慶七十七周年金曲匯演	10.03 週六 7:15–10:30pm	元朗劇院演藝廳（元朗體育路9號）	已核实		https://www.google.com/maps/search/?api=1&query=Yuen+Long+Theatre%2C+9+Yuen+Long+Tai+Yuk+Road	元朗民政處活動·had.gov.hk政府		2026-10-03 19:15	2026-10-03 22:30		
